id,quadra,lote,area_label_m2,area_poligono_m2,divergencia_pct,vertices
A-1,A,1,247.85,239.27,3.5,20
A-2,A,2,137.31,76.92,44.0,8
A-3,A,3,167.73,72.98,56.5,8
A-4,A,4,196.69,76.94,60.9,7
A-5,A,5,224.92,78.95,64.9,7
A-6,A,6,119.05,83.22,30.1,6
A-7,A,7,114.31,79.18,30.7,6
A-8,A,8,132.44,75.11,43.3,5
A-9,A,9,145.63,73.45,49.6,5
A-10,A,10,151.45,97.54,35.6,8
A-11,A,11,151.38,100.90,33.3,6
A-12,A,12,151.32,95.93,36.6,6
A-13,A,13,151.26,84.36,44.2,7
A-14,A,14,151.19,76.46,49.4,6
A-15,A,15,151.13,76.62,49.3,6
A-16,A,16,128.28,76.03,40.7,6
A-17,A,17,151.39,73.10,51.7,5
A-18,A,18,151.35,74.99,50.5,5
A-19,A,19,151.32,73.22,51.6,5
A-20,A,20,151.28,73.72,51.3,5
A-21,A,21,151.24,72.89,51.8,4
A-22,A,22,151.20,71.87,52.5,5
A-23,A,23,151.17,71.56,52.7,4
A-24,A,24,151.13,71.11,52.9,5
A-25,A,25,151.09,70.15,53.6,5
A-26,A,26,224.27,211.23,5.8,8
D-5,D,5,224.27,189.99,15.3,7
A-27,A,27,204.25,204.25,0.0,13
A-28,A,28,184.49,191.48,3.8,12
B-1,B,1,169.47,202.08,19.2,7
B-2,B,2,231.57,156.40,32.5,7
B-3,B,3,210.53,125.24,40.5,11
B-4,B,4,138.56,83.74,39.6,7
B-5,B,5,159.54,75.50,52.7,7
B-6,B,6,160.00,73.23,54.2,7
B-7,B,7,160.00,94.72,40.8,10
B-8,B,8,160.00,78.43,51.0,8
B-9,B,9,160.00,82.66,48.3,8
B-10,B,10,160.00,91.96,42.5,8
B-11,B,11,160.00,90.13,43.7,9
B-12,B,12,160.00,82.81,48.2,10
B-13,B,13,160.00,77.06,51.8,9
B-14,B,14,160.00,77.00,51.9,9
B-15,B,15,160.00,74.10,53.7,9
B-16,B,16,160.00,74.86,53.2,8
B-17,B,17,160.00,78.11,51.2,7
B-18,B,18,160.00,74.81,53.2,6
D-19,D,19,159.99,84.09,47.4,8
B-19,B,19,160.00,72.77,54.5,4
D-20,D,20,160.00,82.00,48.7,9
B-20,B,20,160.00,71.51,55.3,6
D-21,D,21,160.00,69.98,56.3,8
B-21,B,21,160.00,71.04,55.6,4
D-22,D,22,160.00,80.28,49.8,8
B-22,B,22,160.00,70.81,55.7,5
D-26,D,26,160.00,83.38,47.9,10
B-23,B,23,160.00,71.06,55.6,4
D-23,D,23,160.00,88.03,45.0,10
B-24,B,24,160.00,85.50,46.6,9
B-25,B,25,160.00,75.30,52.9,9
B-26,B,26,160.00,76.42,52.2,9
B-27,B,27,160.00,84.25,47.3,7
D-37,D,37,160.00,75.55,52.8,11
B-28,B,28,160.00,83.97,47.5,6
D-28,D,28,160.00,75.58,52.8,10
B-29,B,29,160.00,84.37,47.3,8
B-30,B,30,160.00,84.05,47.5,7
B-31,B,31,160.00,76.80,52.0,8
B-32,B,32,160.00,121.06,24.3,13
B-33,B,33,160.00,70.01,56.2,8
B-34,B,34,160.00,83.34,47.9,8
B-35,B,35,160.00,92.38,42.3,8
B-36,B,36,160.00,84.53,47.2,11
B-37,B,37,160.00,78.18,51.1,9
B-38,B,38,160.00,76.64,52.1,9
B-39,B,39,160.00,76.76,52.0,9
B-40,B,40,160.00,73.26,54.2,10
B-41,B,41,160.00,77.59,51.5,8
B-42,B,42,160.00,75.88,52.6,6
B-43,B,43,160.01,118.06,26.2,6
D-43,D,43,160.00,72.67,54.6,5
B-44,B,44,160.01,96.84,39.5,7
D-44,D,44,160.00,71.88,55.1,6
B-45,B,45,160.00,71.16,55.5,4
D-45,D,45,160.00,96.25,39.8,7
F-47,F,47,160.00,71.42,55.4,6
D-46,D,46,160.00,83.86,47.6,8
B-46,B,46,277.70,233.72,15.8,7
B-47,B,47,255.49,217.36,14.9,7
B-48,B,48,233.29,178.22,23.6,6
B-49,B,49,211.08,184.37,12.7,6
C-1,C,1,159.99,122.29,23.6,5
C-2,C,2,200.00,112.12,43.9,5
D-18,D,18,159.99,193.75,21.1,14
C-3,C,3,192.00,144.28,24.9,6
D-4,D,4,192.00,429.18,123.5,12
L-3,L,3,192.00,145.83,24.0,8
C-6,C,6,159.99,140.80,12.0,6
C-7,C,7,159.99,168.22,5.1,7
C-8,C,8,159.99,138.44,13.5,7
C-9,C,9,159.99,114.00,28.7,6
C-10,C,10,159.99,133.72,16.4,5
C-11,C,11,159.99,170.93,6.8,7
C-12,C,12,159.99,128.65,19.6,6
C-13,C,13,159.99,232.75,45.5,14
C-14,C,14,159.99,116.31,27.3,6
C-15,C,15,159.99,97.67,39.0,7
C-16,C,16,159.99,97.53,39.0,8
C-17,C,17,159.99,84.14,47.4,7
C-18,C,18,159.99,138.38,13.5,7
C-19,C,19,159.99,146.50,8.4,7
C-20,C,20,159.99,181.64,13.5,9
C-21,C,21,160.00,143.07,10.6,7
C-22,C,22,160.00,170.01,6.3,9
C-23,C,23,160.00,137.83,13.9,7
C-24,C,24,160.00,111.07,30.6,6
D-24,D,24,160.00,114.83,28.2,7
C-25,C,25,160.00,94.31,41.1,7
D-25,D,25,160.00,128.10,19.9,7
C-26,C,26,160.00,93.09,41.8,7
D-27,D,27,160.00,103.59,35.3,8
C-27,C,27,160.00,104.02,35.0,8
C-28,C,28,160.00,84.65,47.1,11
C-29,C,29,160.00,76.35,52.3,7
D-29,D,29,160.00,78.69,50.8,11
C-30,C,30,160.00,72.80,54.5,7
D-32,D,32,160.00,71.01,55.6,13
C-31,C,31,192.00,229.07,19.3,11
D-39,D,39,160.00,85.83,46.4,11
C-32,C,32,160.01,120.72,24.6,6
D-35,D,35,160.00,81.58,49.0,11
C-33,C,33,160.01,266.39,66.5,9
C-34,C,34,160.01,109.20,31.8,5
C-35,C,35,160.01,145.11,9.3,7
C-36,C,36,160.01,99.77,37.6,5
C-37,C,37,160.01,140.60,12.1,6
C-38,C,38,160.01,94.36,41.0,4
C-39,C,39,160.01,136.29,14.8,6
C-40,C,40,160.01,187.94,17.5,8
C-41,C,41,160.01,130.27,18.6,6
C-42,C,42,160.01,184.57,15.4,8
C-43,C,43,160.01,301.36,88.3,9
C-44,C,44,160.01,318.04,98.8,13
C-45,C,45,160.01,119.66,25.2,8
C-46,C,46,160.01,191.64,19.8,8
C-47,C,47,160.01,207.70,29.8,7
D-47,D,47,160.00,83.72,47.7,10
C-48,C,48,160.01,96.47,39.7,10
D-48,D,48,160.00,74.21,53.6,8
C-49,C,49,160.00,71.06,55.6,10
D-49,D,49,160.00,179.58,12.2,10
C-50,C,50,160.00,71.94,55.0,10
D-50,D,50,160.00,213.74,33.6,12
C-51,C,51,160.00,88.13,44.9,10
D-51,D,51,160.00,123.09,23.1,9
C-52,C,52,160.00,80.86,49.5,9
D-52,D,52,160.00,159.51,0.3,10
C-53,C,53,160.00,74.27,53.6,9
D-53,D,53,160.00,103.31,35.4,6
C-54,C,54,160.00,76.13,52.4,10
D-54,D,54,160.00,143.40,10.4,8
C-55,C,55,160.00,74.56,53.4,12
D-55,D,55,160.00,96.31,39.8,6
C-56,C,56,160.00,77.42,51.6,12
D-56,D,56,160.00,131.71,17.7,8
C-57,C,57,277.70,280.58,1.0,8
D-57,D,57,160.00,97.27,39.2,7
C-58,C,58,255.49,221.85,13.2,9
D-58,D,58,160.00,102.56,35.9,11
C-59,C,59,233.29,174.63,25.1,7
D-59,D,59,160.00,82.39,48.5,13
C-60,C,60,211.08,190.02,10.0,11
D-60,D,60,160.00,72.40,54.8,15
D-61,D,61,277.70,260.29,6.3,29
D-62,D,62,255.49,245.19,4.0,29
D-63,D,63,233.29,222.26,4.7,21
D-64,D,64,211.08,168.96,20.0,20
D-1,D,1,166.70,130.78,21.5,6
A-29,A,29,166.70,127.72,23.4,6
D-2,D,2,197.29,125.66,36.3,4
D-3,D,3,163.82,124.36,24.1,7
E-3,E,3,194.35,124.14,36.1,4
D-6,D,6,159.99,222.51,39.1,12
D-7,D,7,159.99,312.95,95.6,10
D-8,D,8,159.99,217.69,36.1,6
D-9,D,9,159.99,73.07,54.3,7
D-10,D,10,159.99,176.72,10.5,8
D-11,D,11,159.99,281.63,76.0,11
D-12,D,12,159.99,138.21,13.6,6
D-13,D,13,159.99,343.25,114.5,15
D-14,D,14,159.99,289.95,81.2,12
D-15,D,15,159.99,124.14,22.4,7
D-16,D,16,159.99,166.76,4.2,10
D-17,D,17,159.99,146.47,8.4,7
D-30,D,30,160.00,131.74,17.7,11
D-33,D,33,192.00,265.76,38.4,4
D-34,D,34,160.01,309.81,93.6,7
E-1,E,1,204.74,116.65,43.0,7
C-4,C,4,204.74,114.03,44.3,6
E-2,E,2,235.29,105.89,55.0,11
E-6,E,6,159.99,150.98,5.6,6
E-7,E,7,159.99,203.57,27.2,5
E-8,E,8,159.99,198.46,24.0,7
E-9,E,9,159.99,82.07,48.7,4
E-10,E,10,159.99,158.82,0.7,7
E-11,E,11,159.99,238.51,49.1,8
E-12,E,12,159.99,286.58,79.1,9
E-13,E,13,159.99,119.53,25.3,7
E-14,E,14,159.99,173.54,8.5,6
E-15,E,15,159.99,259.49,62.2,9
E-16,E,16,159.99,161.65,1.0,7
E-17,E,17,159.99,136.52,14.7,6
E-18,E,18,159.99,191.91,20.0,7
E-19,E,19,159.99,283.49,77.2,9
E-20,E,20,159.99,109.57,31.5,6
E-21,E,21,159.99,310.53,94.1,9
E-22,E,22,159.99,266.45,66.5,8
E-23,E,23,160.00,97.19,39.3,11
E-24,E,24,160.00,94.17,41.1,10
E-25,E,25,160.00,87.36,45.4,9
E-26,E,26,160.00,79.84,50.1,9
E-27,E,27,160.00,73.76,53.9,7
E-28,E,28,160.00,229.05,43.2,8
D-40,D,40,160.00,80.01,50.0,8
E-29,E,29,160.00,296.95,85.6,13
E-30,E,30,160.00,91.75,42.7,8
E-31,E,31,160.00,324.01,102.5,20
D-31,D,31,160.00,80.42,49.7,7
E-32,E,32,160.00,212.27,32.7,7
E-33,E,33,160.00,190.10,18.8,6
E-34,E,34,192.01,176.86,7.9,15
D-38,D,38,160.00,109.74,31.4,5
E-35,E,35,160.01,90.86,43.2,5
D-41,D,41,160.00,111.19,30.5,4
E-36,E,36,160.01,213.43,33.4,6
D-36,D,36,160.01,89.81,43.9,8
E-37,E,37,160.01,216.79,35.5,6
E-38,E,38,160.01,86.18,46.1,6
E-39,E,39,160.01,175.75,9.8,6
E-40,E,40,160.01,221.54,38.5,4
E-41,E,41,160.01,312.81,95.5,8
E-42,E,42,160.01,109.46,31.6,5
E-43,E,43,160.01,72.40,54.8,6
E-44,E,44,160.01,92.32,42.3,5
E-45,E,45,160.01,88.63,44.6,6
E-46,E,46,160.01,78.61,50.9,5
E-47,E,47,160.01,71.82,55.1,6
E-48,E,48,160.01,91.89,42.6,6
E-49,E,49,160.01,85.19,46.8,5
E-50,E,50,160.01,76.80,52.0,4
E-51,E,51,160.01,86.64,45.9,7
E-52,E,52,160.01,85.58,46.5,7
E-53,E,53,160.01,78.71,50.8,5
E-54,E,54,160.00,73.18,54.3,5
E-55,E,55,160.00,84.61,47.1,6
E-56,E,56,160.00,220.80,38.0,14
E-57,E,57,160.00,220.30,37.7,14
E-58,E,58,160.00,220.53,37.8,15
E-59,E,59,160.00,137.73,13.9,9
E-60,E,60,160.00,136.65,14.6,9
E-61,E,61,160.00,220.27,37.7,16
E-62,E,62,160.00,220.87,38.0,18
E-63,E,63,277.70,165.93,40.3,14
F-63,F,63,160.00,221.13,38.2,19
E-64,E,64,255.49,169.32,33.7,17
F-64,F,64,160.00,221.40,38.4,20
E-65,E,65,233.29,312.20,33.8,19
F-65,F,65,160.00,217.27,35.8,20
E-66,E,66,211.08,214.81,1.8,11
F-66,F,66,160.00,208.14,30.1,19
F-67,F,67,277.70,116.99,57.9,6
F-68,F,68,255.49,111.21,56.5,6
F-69,F,69,233.29,120.50,48.3,11
F-70,F,70,211.08,110.58,47.6,13
F-1,F,1,176.20,87.77,50.2,6
G-2,G,2,176.20,87.89,50.1,4
F-2,F,2,206.05,88.56,57.0,6
F-3,F,3,171.88,90.37,47.4,7
F-5,F,5,232.08,88.08,62.0,6
F-4,F,4,201.70,92.44,54.2,6
F-6,F,6,160.00,182.38,14.0,8
F-7,F,7,160.00,179.34,12.1,7
F-8,F,8,160.00,219.31,37.1,8
F-9,F,9,160.00,218.09,36.3,8
F-10,F,10,160.00,178.85,11.8,7
F-11,F,11,160.00,220.09,37.6,9
F-12,F,12,160.00,100.61,37.1,6
F-13,F,13,160.00,98.88,38.2,6
F-14,F,14,160.00,97.33,39.2,6
F-15,F,15,160.00,96.22,39.9,6
F-16,F,16,160.00,93.69,41.4,7
F-17,F,17,160.00,92.38,42.3,7
F-18,F,18,160.00,90.61,43.4,7
F-19,F,19,160.00,220.53,37.8,11
F-20,F,20,160.00,221.59,38.5,11
F-21,F,21,160.00,225.04,40.6,12
F-22,F,22,160.00,98.62,38.4,10
F-23,F,23,159.99,70.79,55.8,5
F-24,F,24,159.99,299.66,87.3,10
F-25,F,25,160.00,196.06,22.5,7
F-26,F,26,160.00,167.92,5.0,8
F-27,F,27,160.00,131.42,17.9,6
F-28,F,28,160.00,213.04,33.1,9
F-29,F,29,160.00,188.86,18.0,8
F-30,F,30,160.00,212.59,32.9,7
F-31,F,31,160.00,212.59,32.9,7
F-32,F,32,160.00,202.08,26.3,13
F-33,F,33,160.00,105.78,33.9,12
F-34,F,34,160.00,190.34,19.0,7
F-35,F,35,160.01,128.15,19.9,11
F-36,F,36,192.01,255.82,33.2,13
F-37,F,37,160.01,84.67,47.1,9
F-38,F,38,160.01,75.90,52.6,8
F-39,F,39,160.01,70.19,56.1,7
F-46,F,46,160.00,135.08,15.6,5
F-40,F,40,160.01,90.13,43.7,7
F-41,F,41,160.01,88.54,44.7,7
F-42,F,42,160.01,79.13,50.5,6
F-50,F,50,160.00,220.33,37.7,12
F-51,F,51,160.00,220.03,37.5,13
F-52,F,52,160.00,220.99,38.1,14
F-53,F,53,160.00,220.34,37.7,14
F-54,F,54,160.00,220.67,37.9,14
F-55,F,55,160.00,220.66,37.9,14
F-56,F,56,160.00,76.15,52.4,5
F-57,F,57,160.00,71.21,55.5,6
F-58,F,58,160.00,84.48,47.2,5
F-59,F,59,160.00,75.37,52.9,5
F-60,F,60,160.00,78.23,51.1,6
F-61,F,61,160.00,83.46,47.8,6
F-62,F,62,160.00,73.09,54.3,4
G-1,G,1,145.12,96.91,33.2,4
K-5,K,5,145.12,99.71,31.3,6
H-3,H,3,174.74,102.65,41.3,5
G-4,G,4,169.44,207.27,22.3,17
G-3,G,3,140.33,215.20,53.4,9
K-3,K,3,169.66,110.73,34.7,6
G-6,G,6,160.00,112.73,29.5,7
G-7,G,7,160.00,108.77,32.0,6
G-8,G,8,160.00,107.08,33.1,5
G-9,G,9,160.00,105.62,34.0,5
G-10,G,10,160.00,220.22,37.6,8
G-11,G,11,160.00,179.19,12.0,7
G-12,G,12,160.00,179.74,12.3,7
G-13,G,13,160.00,181.31,13.3,8
G-14,G,14,160.00,181.12,13.2,7
G-15,G,15,160.00,181.33,13.3,7
G-16,G,16,160.00,182.32,13.9,7
G-17,G,17,160.00,183.20,14.5,7
G-18,G,18,160.00,216.74,35.5,8
G-19,G,19,160.00,215.77,34.9,8
G-20,G,20,160.00,216.09,35.1,8
G-21,G,21,160.00,185.62,16.0,8
G-22,G,22,160.00,185.52,15.9,7
G-23,G,23,160.00,186.37,16.5,7
G-24,G,24,160.00,186.49,16.6,7
G-25,G,25,160.00,187.29,17.1,7
G-26,G,26,160.00,187.57,17.2,7
G-27,G,27,160.00,213.49,33.4,8
G-28,G,28,160.00,181.06,13.2,6
G-29,G,29,160.00,180.85,13.0,7
G-30,G,30,160.00,179.51,12.2,6
G-31,G,31,160.00,176.21,10.1,5
G-32,G,32,160.00,170.83,6.8,6
G-33,G,33,160.00,162.82,1.8,7
G-34,G,34,160.00,69.95,56.3,7
G-35,G,35,160.00,79.81,50.1,8
G-36,G,36,160.00,84.47,47.2,7
G-37,G,37,160.00,219.48,37.2,10
G-38,G,38,192.01,232.85,21.3,11
G-39,G,39,160.00,219.74,37.3,11
G-40,G,40,160.00,218.79,36.7,11
G-41,G,41,160.00,219.67,37.3,11
G-42,G,42,160.00,219.63,37.3,11
G-43,G,43,160.00,219.87,37.4,12
G-44,G,44,160.00,219.70,37.3,12
G-45,G,45,160.00,220.10,37.6,12
G-46,G,46,160.00,219.89,37.4,12
G-47,G,47,160.00,150.94,5.7,9
G-48,G,48,160.00,150.58,5.9,9
G-49,G,49,160.00,220.49,37.8,12
G-50,G,50,160.00,127.82,20.1,5
G-51,G,51,160.00,127.43,20.4,5
G-52,G,52,160.00,126.32,21.0,5
G-53,G,53,160.00,125.54,21.5,5
G-54,G,54,160.00,221.56,38.5,7
G-55,G,55,160.00,220.72,37.9,9
G-56,G,56,160.00,220.88,38.1,7
G-57,G,57,160.00,221.11,38.2,7
G-58,G,58,160.00,121.79,23.9,5
G-59,G,59,160.00,121.17,24.3,5
G-60,G,60,160.00,120.41,24.7,5
G-61,G,61,160.00,220.99,38.1,6
G-62,G,62,160.00,119.41,25.4,5
G-63,G,63,160.00,118.91,25.7,5
G-64,G,64,160.00,118.65,25.8,5
G-65,G,65,160.00,222.07,38.8,7
G-66,G,66,160.00,198.30,23.9,9
G-67,G,67,160.00,187.68,17.3,9
G-68,G,68,160.00,181.09,13.2,8
G-69,G,69,160.00,175.64,9.8,7
G-70,G,70,160.00,168.72,5.5,6
G-71,G,71,277.70,110.57,60.2,6
G-72,G,72,255.49,110.93,56.6,6
G-73,G,73,233.29,114.11,51.1,10
G-74,G,74,211.08,111.80,47.0,8
H-1,H,1,176.89,113.67,35.7,5
K-2,K,2,176.89,110.63,37.5,7
H-2,H,2,206.38,96.03,53.5,9
P-3,P,3,172.32,112.21,34.9,4
H-4,H,4,201.82,89.55,55.6,8
J-3,J,3,171.84,85.41,50.3,7
G-5,G,5,201.31,85.46,57.5,5
H-6,H,6,159.99,171.92,7.5,5
H-7,H,7,159.99,153.47,4.1,4
H-8,H,8,159.99,153.74,3.9,4
H-9,H,9,159.99,152.79,4.5,4
H-10,H,10,159.99,69.91,56.3,4
H-11,H,11,159.99,70.23,56.1,4
H-12,H,12,160.00,177.10,10.7,6
H-13,H,13,160.00,177.56,11.0,6
H-14,H,14,160.00,178.20,11.4,6
H-15,H,15,160.00,178.97,11.9,6
H-16,H,16,160.00,219.50,37.2,6
H-17,H,17,160.00,219.87,37.4,6
H-18,H,18,160.00,219.92,37.4,6
H-19,H,19,160.00,180.36,12.7,7
H-20,H,20,160.00,180.42,12.8,7
H-21,H,21,160.00,181.16,13.2,6
H-22,H,22,160.00,181.78,13.6,7
H-23,H,23,160.00,182.27,13.9,7
H-24,H,24,160.00,181.72,13.6,7
H-25,H,25,160.00,181.93,13.7,7
H-26,H,26,160.00,220.63,37.9,8
H-27,H,27,160.00,182.03,13.8,8
H-28,H,28,160.00,129.39,19.1,4
H-29,H,29,160.00,116.88,26.9,4
H-30,H,30,160.00,105.01,34.4,4
H-31,H,31,160.00,208.91,30.6,5
H-32,H,32,160.00,209.31,30.8,6
H-33,H,33,160.00,154.38,3.5,7
H-34,H,34,160.00,163.94,2.5,7
H-35,H,35,160.00,190.67,19.2,7
K-33,K,33,160.00,171.16,7.0,7
H-36,H,36,160.01,215.85,34.9,9
F-43,F,43,160.00,191.04,19.4,7
H-37,H,37,160.00,211.09,31.9,11
F-44,F,44,160.00,83.16,48.0,6
H-38,H,38,160.00,219.08,36.9,10
F-45,F,45,160.00,74.46,53.5,5
H-39,H,39,192.01,170.52,11.2,8
H-40,H,40,160.00,137.37,14.1,4
H-41,H,41,160.00,138.12,13.7,4
H-42,H,42,160.00,220.41,37.8,5
H-43,H,43,160.00,221.37,38.4,5
H-44,H,44,160.00,220.86,38.0,5
H-45,H,45,160.00,219.97,37.5,5
H-46,H,46,160.00,221.09,38.2,5
H-47,H,47,160.00,221.02,38.1,7
H-48,H,48,160.00,220.53,37.8,6
F-48,F,48,160.00,146.68,8.3,5
H-49,H,49,160.00,129.21,19.2,5
F-49,F,49,160.00,146.77,8.3,5
H-50,H,50,160.00,146.62,8.4,5
H-51,H,51,160.00,147.44,7.9,5
H-52,H,52,160.00,222.83,39.3,7
H-53,H,53,160.00,148.90,6.9,4
H-54,H,54,160.00,149.49,6.6,4
H-55,H,55,160.00,150.58,5.9,4
H-56,H,56,160.00,222.52,39.1,6
H-57,H,57,160.00,223.47,39.7,7
H-58,H,58,160.00,154.81,3.2,5
H-59,H,59,160.00,158.42,1.0,5
H-60,H,60,160.00,162.19,1.4,6
H-61,H,61,160.00,168.83,5.5,5
H-62,H,62,160.00,178.72,11.7,6
H-63,H,63,160.00,192.22,20.1,7
H-64,H,64,160.00,234.46,46.5,13
H-65,H,65,160.00,207.68,29.8,7
H-66,H,66,160.00,221.80,38.6,7
H-67,H,67,160.00,222.09,38.8,8
H-68,H,68,160.00,120.57,24.6,6
H-69,H,69,160.00,121.97,23.8,7
H-70,H,70,160.00,127.50,20.3,7
H-71,H,71,160.00,159.14,0.5,7
H-72,H,72,160.00,148.01,7.5,5
H-73,H,73,277.70,104.64,62.3,5
H-74,H,74,255.49,104.82,59.0,4
H-75,H,75,233.29,104.84,55.1,4
H-76,H,76,211.08,104.52,50.5,5
I-1,I,1,276.51,155.54,43.7,11
I-2,I,2,159.98,131.07,18.1,11
I-3,I,3,159.99,307.81,92.4,13
I-4,I,4,159.99,77.99,51.3,6
I-5,I,5,159.99,162.03,1.3,6
I-6,I,6,160.00,106.92,33.2,7
I-7,I,7,159.99,327.31,104.6,14
I-8,I,8,159.99,240.55,50.4,9
I-9,I,9,159.99,241.58,51.0,10
I-10,I,10,159.99,232.87,45.6,9
I-11,I,11,159.99,211.73,32.3,10
I-12,I,12,159.99,197.93,23.7,8
I-13,I,13,159.99,72.03,55.0,5
I-14,I,14,159.99,74.51,53.4,5
I-15,I,15,159.99,77.88,51.3,5
I-16,I,16,159.99,82.09,48.7,5
I-17,I,17,159.99,86.47,46.0,5
I-18,I,18,159.99,93.02,41.9,5
I-19,I,19,159.99,101.88,36.3,5
I-20,I,20,159.99,112.85,29.5,6
I-21,I,21,159.99,127.92,20.0,7
I-22,I,22,159.99,144.83,9.5,7
I-23,I,23,159.99,233.76,46.1,11
I-24,I,24,159.99,226.84,41.8,11
I-25,I,25,159.99,158.64,0.8,6
I-26,I,26,159.99,150.46,6.0,5
I-27,I,27,160.00,140.65,12.1,5
I-28,I,28,160.00,208.96,30.6,6
I-29,I,29,160.00,171.59,7.2,6
I-30,I,30,160.00,176.72,10.4,6
I-31,I,31,160.00,179.62,12.3,6
I-32,I,32,160.00,179.72,12.3,6
I-33,I,33,160.01,145.68,9.0,7
I-34,I,34,160.01,153.24,4.2,6
I-35,I,35,160.01,221.29,38.3,9
I-36,I,36,253.25,259.94,2.6,14
I-37,I,37,160.01,212.49,32.8,8
I-38,I,38,160.01,210.61,31.6,7
I-39,I,39,160.01,113.39,29.1,5
I-40,I,40,160.01,100.83,37.0,5
I-41,I,41,160.01,88.52,44.7,4
I-42,I,42,160.01,75.85,52.6,4
I-43,I,43,160.01,158.40,1.0,6
I-44,I,44,160.01,168.90,5.6,6
I-45,I,45,160.01,223.40,39.6,7
I-46,I,46,160.01,224.66,40.4,8
I-47,I,47,160.01,224.39,40.2,8
I-48,I,48,160.01,222.14,38.8,8
I-49,I,49,160.01,239.04,49.4,11
I-50,I,50,160.01,240.42,50.3,11
I-51,I,51,160.01,75.51,52.8,6
I-52,I,52,160.01,236.39,47.7,11
I-53,I,53,160.01,230.62,44.1,11
I-54,I,54,160.01,221.28,38.3,10
I-55,I,55,160.01,159.08,0.6,7
I-56,I,56,160.01,166.81,4.3,7
I-57,I,57,160.01,175.67,9.8,6
I-58,I,58,160.01,182.51,14.1,7
I-59,I,59,160.01,189.36,18.3,8
I-60,I,60,160.00,195.61,22.3,8
I-61,I,61,160.00,179.63,12.3,6
I-62,I,62,160.00,176.20,10.1,7
I-63,I,63,160.00,169.85,6.2,7
I-64,I,64,160.00,208.75,30.5,7
I-65,I,65,160.00,208.67,30.4,5
I-66,I,66,160.00,209.00,30.6,5
I-67,I,67,160.00,208.94,30.6,5
I-68,I,68,160.00,208.48,30.3,5
I-69,I,69,277.70,104.50,62.4,4
I-70,I,70,255.49,104.67,59.0,4
I-71,I,71,233.29,104.95,55.0,4
I-72,I,72,211.08,105.05,50.2,4
J-1,J,1,226.19,113.18,50.0,5
J-2,J,2,195.44,211.79,8.4,9
L-5,L,5,195.44,92.17,52.8,6
J-4,J,4,205.91,96.41,53.2,6
X-2,X,2,205.91,94.86,53.9,6
J-6,J,6,192.12,247.12,28.6,10
J-7,J,7,160.00,167.30,4.6,8
J-8,J,8,160.00,173.97,8.7,7
J-9,J,9,160.00,178.21,11.4,6
J-10,J,10,160.00,179.79,12.4,6
J-11,J,11,160.00,179.01,11.9,6
J-12,J,12,160.00,175.38,9.6,6
J-13,J,13,159.99,188.95,18.1,8
J-14,J,14,159.99,186.19,16.4,7
J-15,J,15,159.99,200.74,25.5,8
J-16,J,16,159.99,194.42,21.5,7
J-17,J,17,159.99,180.40,12.8,7
J-18,J,18,159.99,175.28,9.6,7
J-19,J,19,159.99,167.90,4.9,6
J-20,J,20,159.99,159.02,0.6,7
J-21,J,21,159.99,147.19,8.0,5
J-22,J,22,159.99,134.57,15.9,4
J-23,J,23,159.99,121.54,24.0,4
J-24,J,24,160.00,108.47,32.2,4
J-25,J,25,160.00,208.83,30.5,5
J-26,J,26,160.00,208.32,30.2,5
J-27,J,27,160.00,208.73,30.5,5
K-27,K,27,160.00,177.83,11.1,6
J-28,J,28,160.00,173.13,8.2,6
J-29,J,29,160.00,165.82,3.6,6
J-30,J,30,160.00,341.15,113.2,19
J-31,J,31,160.00,212.84,33.0,8
J-32,J,32,160.00,100.85,37.0,6
J-33,J,33,160.00,88.17,44.9,5
J-34,J,34,160.00,74.82,53.2,5
J-35,J,35,160.00,157.07,1.8,7
J-36,J,36,160.00,166.01,3.8,7
J-37,J,37,160.01,251.94,57.5,13
J-38,J,38,160.01,203.05,26.9,7
K-31,K,31,160.00,185.59,16.0,8
J-39,J,39,160.01,252.08,57.5,8
K-32,K,32,160.00,192.17,20.1,8
J-40,J,40,160.01,221.94,38.7,8
K-38,K,38,160.00,198.03,23.8,8
J-41,J,41,160.01,223.58,39.7,8
J-42,J,42,160.01,224.10,40.1,8
J-43,J,43,160.01,191.88,19.9,7
J-44,J,44,160.01,225.50,40.9,7
J-45,J,45,160.01,177.86,11.2,7
J-46,J,46,160.01,186.55,16.6,8
J-47,J,47,160.01,192.84,20.5,8
J-48,J,48,160.01,198.53,24.1,8
J-49,J,49,160.01,176.81,10.5,7
J-50,J,50,160.00,205.97,28.7,8
J-51,J,51,160.00,207.83,29.9,8
K-51,K,51,160.00,160.80,0.5,6
J-52,J,52,160.00,208.39,30.2,7
K-52,K,52,160.00,168.75,5.5,6
J-53,J,53,160.00,209.04,30.7,7
K-53,K,53,160.00,176.98,10.6,7
J-54,J,54,160.00,208.33,30.2,7
J-55,J,55,160.00,208.96,30.6,7
J-56,J,56,160.00,208.33,30.2,7
J-57,J,57,160.00,208.34,30.2,7
J-58,J,58,160.00,208.26,30.2,7
J-59,J,59,277.70,105.38,62.1,4
J-60,J,60,255.49,105.58,58.7,5
J-61,J,61,233.29,105.44,54.8,4
J-62,J,62,211.08,105.81,49.9,5
K-1,K,1,190.01,84.18,55.7,7
J-5,J,5,190.01,84.48,55.5,9
N-26,N,26,179.53,88.43,50.7,7
K-4,K,4,158.82,89.89,43.4,7
K-6,K,6,160.00,222.38,39.0,8
K-7,K,7,160.00,217.60,36.0,9
K-8,K,8,160.00,219.18,37.0,6
K-9,K,9,160.00,223.63,39.8,7
K-10,K,10,160.00,220.15,37.6,7
K-11,K,11,160.00,177.21,10.8,6
K-12,K,12,159.99,223.23,39.5,6
K-13,K,13,160.00,169.15,5.7,6
K-14,K,14,160.00,160.30,0.2,6
K-15,K,15,160.00,149.51,6.6,5
K-16,K,16,160.00,136.54,14.7,4
K-17,K,17,160.00,123.04,23.1,4
K-18,K,18,160.00,110.03,31.2,4
K-19,K,19,160.00,96.35,39.8,4
K-20,K,20,160.00,82.32,48.5,4
K-21,K,21,160.00,69.50,56.6,4
K-40,K,40,160.00,252.14,57.6,8
K-41,K,41,160.00,210.82,31.8,6
K-42,K,42,160.00,141.76,11.4,4
K-43,K,43,160.00,149.59,6.5,4
K-44,K,44,160.00,221.13,38.2,5
K-45,K,45,160.00,221.38,38.4,5
K-46,K,46,160.00,221.74,38.6,6
K-47,K,47,160.00,220.99,38.1,7
K-54,K,54,277.70,105.37,62.1,4
K-55,K,55,255.49,105.83,58.6,5
K-56,K,56,233.29,106.30,54.4,4
K-57,K,57,211.08,106.13,49.7,4
L-1,L,1,224.53,70.47,68.6,11
H-5,H,5,224.53,78.42,65.1,13
L-2,L,2,212.41,76.24,64.1,12
L-4,L,4,227.72,73.71,67.6,8
L-6,L,6,192.00,73.01,62.0,9
L-7,L,7,159.99,142.31,11.0,12
L-8,L,8,159.99,171.28,7.1,22
L-9,L,9,160.00,141.06,11.8,6
L-10,L,10,160.00,130.70,18.3,5
L-11,L,11,160.00,118.73,25.8,5
L-12,L,12,160.00,106.40,33.5,5
L-13,L,13,160.00,93.12,41.8,4
L-14,L,14,160.00,80.46,49.7,4
L-15,L,15,160.00,209.11,30.7,5
L-16,L,16,160.00,208.41,30.3,6
L-17,L,17,160.00,170.96,6.9,6
L-18,L,18,160.00,176.39,10.2,6
L-19,L,19,160.00,197.81,23.6,6
L-20,L,20,160.00,180.35,12.7,6
L-21,L,21,160.00,177.49,10.9,6
L-22,L,22,160.00,173.10,8.2,7
K-22,K,22,160.00,162.12,1.3,6
L-23,L,23,160.00,170.91,6.8,6
K-23,K,23,160.00,167.18,4.5,8
L-24,L,24,160.00,176.34,10.2,6
K-24,K,24,160.00,156.14,2.4,7
L-25,L,25,160.01,151.38,5.4,12
K-25,K,25,160.00,179.16,12.0,6
L-26,L,26,160.01,158.43,1.0,15
K-26,K,26,160.00,179.89,12.4,6
L-27,L,27,160.01,179.28,12.0,23
L-28,L,28,160.00,190.51,19.1,21
L-29,L,29,160.00,199.52,24.7,17
L-30,L,30,160.00,207.62,29.8,11
L-31,L,31,160.00,207.78,29.9,8
L-32,L,32,160.00,166.04,3.8,6
L-33,L,33,160.00,157.91,1.3,8
L-34,L,34,160.00,148.04,7.5,6
L-35,L,35,160.00,209.84,31.2,7
L-36,L,36,160.00,123.11,23.1,5
L-37,L,37,160.00,109.90,31.3,4
L-38,L,38,160.00,96.98,39.4,4
L-39,L,39,160.00,209.19,30.7,5
L-40,L,40,160.00,209.43,30.9,5
L-41,L,41,160.00,176.39,10.2,7
K-37,K,37,160.00,160.99,0.6,6
L-42,L,42,160.00,169.78,6.1,6
K-36,K,36,160.00,169.82,6.1,6
L-43,L,43,160.00,162.29,1.4,6
L-44,L,44,160.00,151.42,5.4,6
L-45,L,45,160.00,138.86,13.2,5
L-46,L,46,160.00,208.27,30.2,5
L-47,L,47,277.70,107.36,61.3,4
K-35,K,35,160.00,208.98,30.6,5
L-48,L,48,255.49,108.12,57.7,4
K-48,K,48,160.00,208.56,30.4,5
L-49,L,49,233.29,110.20,52.8,4
K-49,K,49,160.00,208.30,30.2,5
L-50,L,50,211.08,110.94,47.4,6
K-50,K,50,160.00,208.56,30.4,5
M-1,M,1,221.71,96.15,56.6,15
M-2,M,2,186.93,97.39,47.9,18
M-3,M,3,152.05,237.04,55.9,27
M-4,M,4,181.50,126.29,30.4,22
M-5,M,5,146.85,111.07,24.4,16
M-6,M,6,192.00,214.21,11.6,20
M-7,M,7,160.00,197.10,23.2,21
M-8,M,8,160.00,176.46,10.3,23
M-9,M,9,160.00,170.25,6.4,12
M-10,M,10,159.99,204.51,27.8,12
M-11,M,11,159.99,201.08,25.7,8
M-12,M,12,159.99,195.29,22.1,7
M-13,M,13,159.99,179.35,12.1,6
M-14,M,14,160.00,176.09,10.1,6
M-15,M,15,160.00,171.79,7.4,6
M-16,M,16,160.00,164.91,3.1,8
M-17,M,17,160.00,154.76,3.3,7
M-18,M,18,160.00,142.53,10.9,6
M-19,M,19,160.00,208.46,30.3,6
M-20,M,20,160.00,209.03,30.6,5
M-21,M,21,160.00,103.48,35.3,4
M-22,M,22,160.00,90.75,43.3,4
M-23,M,23,160.01,153.98,3.8,16
M-24,M,24,160.01,124.11,22.4,9
M-25,M,25,160.00,144.31,9.8,6
M-26,M,26,160.00,130.37,18.5,5
M-27,M,27,160.00,173.86,8.7,18
M-28,M,28,160.01,191.38,19.6,20
M-29,M,29,160.01,199.90,24.9,15
M-30,M,30,160.00,167.95,5.0,7
M-31,M,31,160.00,172.34,7.7,8
M-32,M,32,160.00,183.95,15.0,7
M-33,M,33,160.00,190.71,19.2,6
M-34,M,34,160.00,196.43,22.8,6
M-35,M,35,160.00,201.55,26.0,7
M-36,M,36,160.00,204.93,28.1,8
M-37,M,37,160.00,207.98,30.0,8
M-38,M,38,160.00,219.33,37.1,7
M-39,M,39,277.70,112.24,59.6,4
M-40,M,40,255.49,117.23,54.1,4
M-41,M,41,233.29,120.44,48.4,6
M-42,M,42,211.08,120.30,43.0,4
K-34,K,34,160.00,175.76,9.9,6
K-39,K,39,160.00,179.24,12.0,6
K-28,K,28,160.00,179.76,12.3,6
K-29,K,29,160.00,182.60,14.1,6
N-1,N,1,239.03,157.66,34.0,19
N-2,N,2,169.01,216.82,28.3,30
N-3,N,3,186.11,148.89,20.0,22
N-4,N,4,201.90,237.68,17.7,35
N-5,N,5,217.65,229.07,5.2,33
N-6,N,6,232.22,227.91,1.9,30
N-7,N,7,246.18,238.83,3.0,30
N-8,N,8,160.00,149.55,6.5,8
N-9,N,9,159.99,185.78,16.1,24
N-10,N,10,160.00,144.95,9.4,8
N-11,N,11,160.00,130.69,18.3,5
N-12,N,12,160.00,208.80,30.5,7
N-13,N,13,160.00,209.20,30.8,7
N-14,N,14,160.00,208.89,30.6,6
N-15,N,15,99.27,96.22,3.1,16
N-16,N,16,111.87,101.28,9.5,14
N-17,N,17,124.90,127.50,2.1,22
N-18,N,18,138.89,149.78,7.8,19
N-19,N,19,152.57,171.20,12.2,12
N-20,N,20,165.94,170.21,2.6,8
N-21,N,21,185.56,438.76,136.4,15
N-22,N,22,236.00,93.92,60.2,5
E-4,E,4,236.00,98.78,58.1,5
N-23,N,23,221.79,101.52,54.2,5
N-24,N,24,207.58,88.90,57.2,6
N-25,N,25,193.37,86.80,55.1,5
N-27,N,27,197.10,96.49,51.0,9
K-30,K,30,160.00,173.26,8.3,7
O-1,O,1,171.73,119.67,30.3,4
O-2,O,2,194.67,120.20,38.3,5
O-3,O,3,217.61,119.52,45.1,4
O-4,O,4,240.56,118.07,50.9,5
O-5,O,5,160.00,183.74,14.8,8
O-6,O,6,160.00,198.88,24.3,10
O-7,O,7,160.00,204.44,27.8,11
O-8,O,8,160.00,196.37,22.7,8
O-9,O,9,160.00,186.83,16.8,7
O-10,O,10,160.00,86.69,45.8,5
O-11,O,11,160.00,247.38,54.6,9
O-12,O,12,160.00,264.81,65.5,9
O-13,O,13,160.00,167.78,4.9,6
O-14,O,14,160.00,188.27,17.7,8
O-15,O,15,160.00,195.68,22.3,7
O-16,O,16,160.00,195.56,22.2,6
O-17,O,17,160.00,189.84,18.6,7
O-18,O,18,160.00,240.89,50.6,10
O-19,O,19,160.00,159.57,0.3,7
O-20,O,20,160.00,87.72,45.2,6
O-21,O,21,160.00,108.86,32.0,6
O-22,O,22,160.00,120.45,24.7,5
O-23,O,23,160.00,81.46,49.1,5
O-24,O,24,160.00,73.60,54.0,6
O-30,O,30,160.00,241.70,51.1,9
O-31,O,31,160.00,217.61,36.0,8
O-32,O,32,160.00,171.62,7.3,6
O-33,O,33,160.00,76.31,52.3,5
O-34,O,34,160.00,99.96,37.5,5
O-35,O,35,160.00,121.87,23.8,5
O-36,O,36,160.00,142.25,11.1,6
O-37,O,37,160.00,242.33,51.5,10
O-38,O,38,160.00,240.02,50.0,10
O-39,O,39,160.00,234.11,46.3,9
O-40,O,40,160.00,219.72,37.3,9
O-41,O,41,200.00,112.83,43.6,5
O-42,O,42,200.00,112.83,43.6,5
O-43,O,43,200.00,115.32,42.3,5
O-44,O,44,200.00,115.23,42.4,5
P-1,P,1,206.44,114.97,44.3,4
P-2,P,2,229.38,113.65,50.5,5
P-4,P,4,195.27,122.11,37.5,5
P-5,P,5,160.00,146.30,8.6,8
P-6,P,6,160.00,98.84,38.2,6
P-7,P,7,160.00,93.00,41.9,5
P-8,P,8,160.00,101.80,36.4,7
P-9,P,9,160.00,107.24,33.0,5
P-10,P,10,160.00,139.80,12.6,5
P-11,P,11,160.00,174.23,8.9,6
P-12,P,12,160.00,196.61,22.9,7
P-13,P,13,160.00,196.56,22.8,7
P-14,P,14,160.00,255.22,59.5,8
P-15,P,15,160.00,92.96,41.9,5
P-16,P,16,160.00,259.82,62.4,8
P-17,P,17,160.00,250.29,56.4,7
P-18,P,18,160.00,152.22,4.9,6
P-19,P,19,160.00,171.88,7.4,6
P-20,P,20,160.00,192.13,20.1,9
P-21,P,21,160.00,207.96,30.0,9
P-22,P,22,160.00,222.53,39.1,9
P-23,P,23,160.00,235.64,47.3,10
P-24,P,24,160.00,146.38,8.5,5
P-25,P,25,160.00,80.14,49.9,7
P-26,P,26,160.00,87.41,45.4,5
P-27,P,27,160.00,121.94,23.8,6
P-28,P,28,160.00,152.92,4.4,6
P-29,P,29,160.00,186.15,16.3,8
O-29,O,29,160.00,244.30,52.7,8
P-30,P,30,160.00,198.70,24.2,8
P-31,P,31,160.00,189.87,18.7,7
P-32,P,32,160.00,173.17,8.2,7
P-33,P,33,160.00,73.95,53.8,4
P-34,P,34,160.00,107.57,32.8,6
P-35,P,35,160.00,156.23,2.4,6
P-36,P,36,160.00,254.51,59.1,8
P-37,P,37,160.00,229.05,43.2,8
P-38,P,38,160.00,208.97,30.6,7
P-39,P,39,160.00,184.02,15.0,7
P-40,P,40,160.00,167.57,4.7,5
P-41,P,41,160.00,74.23,53.6,5
P-42,P,42,160.00,94.62,40.9,5
P-43,P,43,160.00,115.72,27.7,6
P-44,P,44,200.00,121.73,39.1,6
P-45,P,45,200.00,120.43,39.8,7
P-46,P,46,200.00,124.49,37.8,6
P-47,P,47,200.00,124.06,38.0,6
Q-1,Q,1,241.15,121.24,49.7,5
Q-2,Q,2,264.09,120.28,54.5,5
Q-3,Q,3,207.03,118.36,42.8,4
Q-4,Q,4,229.98,116.72,49.2,5
Q-5,Q,5,160.00,185.05,15.7,7
Q-6,Q,6,160.00,193.65,21.0,7
Q-7,Q,7,160.00,183.14,14.5,7
Q-8,Q,8,160.00,184.46,15.3,7
Q-9,Q,9,160.00,188.73,18.0,9
Q-10,Q,10,160.00,208.49,30.3,8
Q-11,Q,11,160.00,197.11,23.2,6
Q-12,Q,12,160.00,180.28,12.7,8
Q-13,Q,13,160.00,70.02,56.2,4
Q-14,Q,14,160.00,95.62,40.2,5
Q-15,Q,15,160.00,123.30,22.9,5
Q-16,Q,16,160.00,263.52,64.7,8
Q-17,Q,17,160.00,212.83,33.0,8
Q-18,Q,18,160.00,235.22,47.0,7
Q-19,Q,19,160.00,182.94,14.3,6
Q-20,Q,20,160.00,161.12,0.7,6
Q-21,Q,21,160.00,84.15,47.4,5
Q-22,Q,22,160.00,183.60,14.8,6
Q-23,Q,23,160.00,207.08,29.4,7
Q-24,Q,24,160.00,222.81,39.3,7
Q-25,Q,25,160.00,206.87,29.3,8
O-25,O,25,160.00,92.90,41.9,5
Q-26,Q,26,160.00,210.17,31.4,8
Q-27,Q,27,160.00,217.26,35.8,9
Q-28,Q,28,160.00,226.00,41.3,9
Q-29,Q,29,160.00,157.62,1.5,6
Q-30,Q,30,160.00,74.11,53.7,6
Q-31,Q,31,160.00,224.44,40.3,8
Q-32,Q,32,160.00,239.61,49.8,7
Q-33,Q,33,160.00,261.26,63.3,7
Q-34,Q,34,160.00,253.19,58.2,8
Q-35,Q,35,160.00,183.41,14.6,6
Q-36,Q,36,160.00,194.61,21.6,7
Q-37,Q,37,160.00,196.94,23.1,7
Q-38,Q,38,160.00,267.35,67.1,9
Q-39,Q,39,160.00,95.99,40.0,5
Q-40,Q,40,160.00,261.88,63.7,8
Q-41,Q,41,160.00,250.61,56.6,8
Q-42,Q,42,160.00,242.04,51.3,7
Q-43,Q,43,160.00,233.11,45.7,8
Q-44,Q,44,160.00,196.32,22.7,6
Q-45,Q,45,160.00,194.28,21.4,9
Q-46,Q,46,200.00,122.62,38.7,6
Q-47,Q,47,200.00,121.24,39.4,6
Q-48,Q,48,200.00,120.84,39.6,5
Q-49,Q,49,200.00,114.22,42.9,5
R-1,R,1,195.86,103.74,47.0,4
R-2,R,2,218.80,110.51,49.5,5
R-3,R,3,241.75,108.82,55.0,5
R-4,R,4,264.69,105.89,60.0,4
R-5,R,5,160.00,162.02,1.3,6
R-6,R,6,160.00,231.48,44.7,6
R-7,R,7,160.00,107.68,32.7,5
R-8,R,8,160.00,96.84,39.5,5
R-9,R,9,160.00,212.88,33.1,7
R-10,R,10,160.00,216.87,35.5,7
R-11,R,11,160.00,94.84,40.7,6
R-12,R,12,160.00,97.54,39.0,5
R-13,R,13,160.00,237.15,48.2,8
R-14,R,14,160.00,150.30,6.1,6
R-15,R,15,160.00,186.12,16.3,7
R-16,R,16,160.00,83.29,47.9,5
R-17,R,17,160.00,195.78,22.4,7
R-18,R,18,160.00,189.76,18.6,6
R-19,R,19,160.00,168.40,5.3,6
R-20,R,20,160.00,98.25,38.6,6
R-21,R,21,160.00,149.52,6.6,6
R-22,R,22,160.00,105.91,33.8,4
R-23,R,23,160.00,126.64,20.9,5
R-24,R,24,160.00,186.52,16.6,9
R-25,R,25,160.00,192.05,20.0,8
R-26,R,26,160.00,90.53,43.4,4
O-26,O,26,160.00,179.76,12.4,7
R-27,R,27,160.00,210.89,31.8,6
O-27,O,27,160.00,192.92,20.6,7
R-28,R,28,160.00,211.99,32.5,7
R-29,R,29,160.00,178.90,11.8,6
R-30,R,30,160.00,173.65,8.5,8
R-31,R,31,160.00,212.97,33.1,8
R-32,R,32,160.00,169.04,5.7,7
R-33,R,33,160.00,179.48,12.2,8
R-34,R,34,160.00,179.58,12.2,7
R-35,R,35,160.00,188.62,17.9,6
R-36,R,36,160.00,199.17,24.5,8
R-37,R,37,160.00,184.38,15.2,6
R-39,R,39,160.00,248.04,55.0,6
R-40,R,40,160.00,246.76,54.2,6
R-41,R,41,160.00,250.97,56.9,8
R-42,R,42,160.00,260.76,63.0,8
R-43,R,43,160.00,240.22,50.1,8
R-44,R,44,160.00,185.85,16.2,7
R-45,R,45,160.00,89.90,43.8,4
R-46,R,46,160.00,250.75,56.7,7
R-47,R,47,160.00,248.57,55.4,6
R-48,R,48,160.00,244.87,53.0,6
R-49,R,49,200.00,121.20,39.4,5
R-50,R,50,200.00,120.86,39.6,7
R-51,R,51,200.00,120.89,39.6,5
R-52,R,52,200.00,121.32,39.3,5
S-1,S,1,249.74,200.24,19.8,7
S-2,S,2,168.69,168.55,0.1,7
S-3,S,3,172.65,80.98,53.1,4
S-4,S,4,176.81,121.90,31.1,5
S-5,S,5,181.14,118.44,34.6,6
S-6,S,6,185.86,242.72,30.6,9
S-7,S,7,190.86,98.56,48.4,5
S-8,S,8,199.68,251.08,25.7,9
S-9,S,9,209.90,267.65,27.5,8
S-10,S,10,220.11,222.19,0.9,9
S-11,S,11,230.32,95.71,58.4,5
S-12,S,12,240.54,235.72,2.0,9
S-13,S,13,250.75,109.20,56.5,5
S-14,S,14,260.96,169.42,35.1,6
S-15,S,15,271.18,442.34,63.1,11
S-16,S,16,160.00,208.02,30.0,7
S-17,S,17,160.00,192.22,20.1,8
S-18,S,18,160.00,188.33,17.7,6
S-19,S,19,160.00,175.04,9.4,7
S-20,S,20,160.00,80.31,49.8,5
S-21,S,21,160.00,142.30,11.1,6
S-22,S,22,160.00,183.43,14.6,7
S-23,S,23,160.00,200.21,25.1,6
S-24,S,24,160.00,193.49,20.9,6
S-25,S,25,160.00,179.11,11.9,7
S-26,S,26,160.00,161.80,1.1,6
S-27,S,27,160.00,80.03,50.0,4
S-28,S,28,160.00,182.31,13.9,7
V-16,V,16,160.00,101.12,36.8,5
S-29,S,29,121.39,426.29,251.2,11
S-30,S,30,131.61,179.77,36.6,8
S-31,S,31,141.84,202.21,42.6,7
S-32,S,32,152.06,222.20,46.1,8
S-33,S,33,162.29,246.45,51.9,10
S-34,S,34,172.52,269.66,56.3,10
S-35,S,35,182.75,245.42,34.3,8
S-36,S,36,192.98,81.49,57.8,5
S-37,S,37,203.27,316.43,55.7,10
S-38,S,38,213.64,305.69,43.1,7
R-38,R,38,160.00,88.77,44.5,5
S-39,S,39,224.02,322.12,43.8,8
S-40,S,40,234.39,336.12,43.4,10
S-41,S,41,244.77,348.37,42.3,10
T-1,T,1,200.00,279.47,39.7,8
T-2,T,2,200.00,118.80,40.6,5
T-3,T,3,200.00,117.55,41.2,4
T-4,T,4,200.00,115.19,42.4,5
T-5,T,5,160.00,188.22,17.6,9
T-6,T,6,160.00,238.25,48.9,9
T-7,T,7,160.00,158.22,1.1,7
T-8,T,8,160.00,111.90,30.1,5
T-9,T,9,160.00,139.91,12.6,5
T-10,T,10,160.00,115.81,27.6,7
T-11,T,11,160.00,97.25,39.2,5
T-12,T,12,160.00,82.46,48.5,6
T-13,T,13,160.00,91.49,42.8,6
T-14,T,14,160.00,94.36,41.0,7
T-15,T,15,160.00,90.16,43.7,6
T-16,T,16,160.00,81.74,48.9,4
T-17,T,17,160.00,81.57,49.0,5
T-18,T,18,160.00,75.89,52.6,5
T-19,T,19,160.00,74.17,53.6,4
T-20,T,20,160.00,73.77,53.9,4
T-21,T,21,160.00,72.70,54.6,6
T-22,T,22,160.00,71.67,55.2,4
T-23,T,23,160.00,193.27,20.8,7
T-24,T,24,160.00,180.97,13.1,8
T-25,T,25,160.00,160.30,0.2,6
T-26,T,26,160.00,91.45,42.8,4
T-27,T,27,160.00,132.98,16.9,6
T-28,T,28,160.00,247.05,54.4,8
T-29,T,29,160.00,150.00,6.3,6
T-30,T,30,160.00,108.73,32.0,6
T-31,T,31,160.00,108.03,32.5,6
T-32,T,32,160.00,87.32,45.4,6
T-33,T,33,160.00,95.20,40.5,7
T-34,T,34,160.00,98.16,38.7,7
T-35,T,35,160.00,91.99,42.5,6
T-36,T,36,160.00,87.19,45.5,5
T-37,T,37,160.00,82.77,48.3,5
T-38,T,38,160.00,75.34,52.9,5
T-39,T,39,160.00,74.64,53.3,4
T-40,T,40,160.00,74.22,53.6,6
T-41,T,41,203.77,181.52,10.9,7
T-42,T,42,207.44,258.51,24.6,13
T-43,T,43,221.95,198.97,10.4,5
T-44,T,44,238.12,209.90,11.9,7
U-1,U,1,200.00,111.95,44.0,4
U-2,U,2,200.00,228.08,14.0,8
U-3,U,3,200.00,114.46,42.8,5
U-4,U,4,200.00,112.66,43.7,6
U-5,U,5,160.00,174.82,9.3,7
U-6,U,6,160.00,166.94,4.3,6
U-7,U,7,160.00,159.33,0.4,4
U-8,U,8,160.00,72.01,55.0,5
U-9,U,9,160.00,89.37,44.1,5
U-10,U,10,160.00,245.62,53.5,6
U-11,U,11,160.00,245.64,53.5,7
U-12,U,12,160.00,158.62,0.9,7
U-13,U,13,160.00,169.70,6.1,7
U-14,U,14,160.00,127.67,20.2,6
U-15,U,15,160.00,259.46,62.2,9
U-16,U,16,160.00,119.40,25.4,6
U-17,U,17,160.00,111.06,30.6,6
U-18,U,18,160.00,97.80,38.9,8
U-19,U,19,160.00,208.38,30.2,11
U-20,U,20,160.00,101.77,36.4,6
U-21,U,21,160.00,87.27,45.5,5
U-22,U,22,160.00,86.36,46.0,5
U-23,U,23,160.00,77.17,51.8,6
U-24,U,24,160.00,162.95,1.8,5
U-25,U,25,160.00,165.96,3.7,6
U-26,U,26,160.00,226.76,41.7,8
U-27,U,27,160.00,176.06,10.0,6
U-28,U,28,160.00,180.52,12.8,6
U-29,U,29,160.00,225.42,40.9,8
U-30,U,30,160.00,222.69,39.2,8
U-31,U,31,160.00,216.14,35.1,7
U-32,U,32,160.00,204.79,28.0,6
U-33,U,33,160.00,190.27,18.9,7
U-34,U,34,160.00,161.96,1.2,8
U-35,U,35,160.00,101.46,36.6,5
U-36,U,36,160.00,140.82,12.0,7
U-37,U,37,160.00,221.20,38.2,8
U-38,U,38,160.00,159.19,0.5,7
U-39,U,39,160.00,104.32,34.8,8
U-40,U,40,160.00,99.04,38.1,6
U-41,U,41,160.00,105.67,34.0,6
U-42,U,42,160.00,89.83,43.9,6
U-43,U,43,190.47,129.29,32.1,5
U-44,U,44,206.64,191.92,7.1,7
U-45,U,45,222.82,162.92,26.9,7
U-46,U,46,238.99,236.69,1.0,8
V-1,V,1,200.00,120.09,40.0,5
V-2,V,2,200.00,122.85,38.6,6
V-3,V,3,200.00,122.44,38.8,5
V-4,V,4,200.00,125.33,37.3,6
V-5,V,5,160.00,213.66,33.5,7
V-6,V,6,160.00,213.87,33.7,8
V-7,V,7,160.00,214.34,34.0,6
V-8,V,8,160.00,215.54,34.7,7
V-9,V,9,160.00,217.59,36.0,8
V-10,V,10,160.00,218.98,36.9,6
V-11,V,11,160.00,219.31,37.1,6
V-12,V,12,160.00,190.03,18.8,6
V-13,V,13,160.00,225.73,41.1,8
V-14,V,14,160.00,230.29,43.9,7
V-15,V,15,160.00,230.83,44.3,6
V-17,V,17,160.00,230.32,44.0,7
V-18,V,18,160.00,235.67,47.3,8
V-19,V,19,160.00,236.79,48.0,7
V-20,V,20,160.00,245.12,53.2,9
V-21,V,21,160.00,141.34,11.7,7
V-22,V,22,160.00,132.40,17.3,7
V-23,V,23,160.00,131.21,18.0,9
V-24,V,24,160.00,233.32,45.8,13
V-25,V,25,160.00,191.70,19.8,8
V-26,V,26,160.00,233.33,45.8,6
V-27,V,27,160.00,230.20,43.9,6
V-28,V,28,160.00,225.76,41.1,7
V-29,V,29,160.00,223.40,39.6,6
V-30,V,30,160.00,222.97,39.4,6
V-31,V,31,160.00,224.05,40.0,7
V-32,V,32,160.00,225.38,40.9,6
V-33,V,33,160.00,225.04,40.6,5
V-34,V,34,160.00,223.98,40.0,6
V-35,V,35,160.00,225.62,41.0,7
V-36,V,36,160.00,228.83,43.0,7
V-37,V,37,160.00,226.59,41.6,7
V-38,V,38,160.00,219.98,37.5,5
V-39,V,39,160.00,220.45,37.8,6
V-40,V,40,160.00,223.00,39.4,8
V-41,V,41,160.00,156.57,2.1,7
V-42,V,42,160.00,162.29,1.4,7
V-43,V,43,160.00,221.68,38.5,9
V-44,V,44,160.00,185.39,15.9,8
V-45,V,45,191.34,145.21,24.1,7
V-46,V,46,207.51,157.89,23.9,8
V-47,V,47,224.58,151.80,32.4,8
V-48,V,48,249.00,167.15,32.9,10
X-1,X,1,200.00,114.83,42.6,6
X-3,X,3,200.00,121.31,39.3,6
X-4,X,4,200.00,120.38,39.8,6
X-5,X,5,160.00,171.20,7.0,7
X-6,X,6,160.00,187.74,17.3,7
X-7,X,7,160.00,178.71,11.7,7
X-8,X,8,160.00,187.69,17.3,6
X-9,X,9,160.00,193.85,21.2,7
X-10,X,10,160.00,195.48,22.2,7
X-11,X,11,160.00,196.17,22.6,6
X-12,X,12,160.00,198.36,24.0,7
X-13,X,13,160.00,194.81,21.8,8
X-14,X,14,160.00,194.58,21.6,7
X-15,X,15,160.00,195.23,22.0,6
X-16,X,16,160.00,193.60,21.0,6
X-17,X,17,160.00,194.44,21.5,6
X-18,X,18,160.00,190.44,19.0,6
X-19,X,19,160.00,186.32,16.5,7
X-20,X,20,160.00,179.83,12.4,8
X-21,X,21,160.00,175.64,9.8,7
X-22,X,22,160.00,171.47,7.2,7
X-23,X,23,160.00,167.38,4.6,7
X-24,X,24,160.00,164.44,2.8,7
X-25,X,25,160.00,163.03,1.9,8
X-26,X,26,160.00,221.17,38.2,11
X-27,X,27,160.00,190.88,19.3,6
X-28,X,28,160.00,177.23,10.8,7
X-29,X,29,160.00,158.64,0.9,6
X-30,X,30,160.00,78.90,50.7,5
X-31,X,31,160.00,87.99,45.0,4
X-32,X,32,160.00,95.76,40.2,5
X-33,X,33,160.00,228.35,42.7,7
X-34,X,34,160.00,226.62,41.6,6
X-35,X,35,160.00,223.93,40.0,5
X-36,X,36,160.00,109.60,31.5,5
X-37,X,37,160.00,107.06,33.1,5
X-38,X,38,160.00,101.83,36.4,5
X-39,X,39,160.00,97.42,39.1,5
X-40,X,40,160.00,216.61,35.4,7
X-41,X,41,160.00,214.90,34.3,7
X-42,X,42,160.00,214.54,34.1,7
X-43,X,43,160.00,214.97,34.4,7
X-44,X,44,160.00,214.28,33.9,7
X-45,X,45,160.00,215.10,34.4,7
X-46,X,46,160.00,173.49,8.4,8
X-47,X,47,160.00,210.47,31.5,11
X-48,X,48,221.07,146.27,33.8,10
X-49,X,49,247.11,113.80,53.9,6
X-50,X,50,193.15,109.15,43.5,7
X-51,X,51,219.19,107.57,50.9,7
Z-1,Z,1,160.00,87.48,45.3,5
Z-2,Z,2,160.00,240.89,50.6,8
Z-3,Z,3,160.00,241.89,51.2,8
Z-4,Z,4,160.00,243.67,52.3,8
Z-5,Z,5,160.00,174.93,9.3,8
Z-6,Z,6,160.00,161.42,0.9,7
Z-7,Z,7,160.00,195.51,22.2,8
Z-8,Z,8,160.00,194.84,21.8,6
Z-9,Z,9,160.00,188.32,17.7,7
Z-10,Z,10,160.00,239.52,49.7,7
Z-11,Z,11,160.00,81.85,48.8,5
Z-12,Z,12,241.62,216.97,10.2,10
Z-13,Z,13,233.30,239.52,2.7,8
Z-14,Z,14,224.98,329.58,46.5,11
Z-15,Z,15,216.66,299.52,38.2,10
Z-16,Z,16,208.34,268.47,28.9,9
Z-17,Z,17,200.02,221.05,10.5,7
Z-18,Z,18,191.13,72.28,62.2,5
Z-19,Z,19,180.76,102.37,43.4,5
Z-20,Z,20,170.31,137.47,19.3,5
Z-21,Z,21,159.87,168.32,5.3,6
Z-22,Z,22,149.42,421.04,181.8,10
Z-23,Z,23,298.98,350.78,17.3,9
Z-24,Z,24,288.53,90.78,68.5,4
Z-25,Z,25,278.09,95.30,65.7,4
Z-26,Z,26,266.52,385.00,44.5,9
Z-27,Z,27,253.37,371.77,46.7,10
Z-28,Z,28,240.20,101.27,57.8,6
Z-29,Z,29,227.03,94.51,58.4,6
Z-30,Z,30,214.04,303.17,41.6,10
Z-31,Z,31,201.27,286.34,42.3,8
Z-32,Z,32,188.51,269.37,42.9,10
Z-33,Z,33,175.75,252.34,43.6,12
Z-34,Z,34,162.99,233.69,43.4,14
Z-35,Z,35,150.22,171.53,14.2,16
Z-36,Z,36,137.46,150.35,9.4,18
Z-37,Z,37,151.10,151.90,0.5,25
Z-38,Z,38,250.46,303.43,21.1,16